{"cameraMode":{"drawMode":0,"name":"Shaded","section":"Shading Mode"},"sceneLighting":true,"audioPlay":false,"sceneViewState":{"m_AlwaysRefresh":false,"showFog":true,"showSkybox":true,"showFlares":true,"showImageEffects":true,"showParticleSystems":true,"showVisualEffectGraphs":true,"m_FxEnabled":true},"in2DMode":false,"pivot":{"x":-1.4121333360671998,"y":0.5303281545639038,"z":-8.363897323608399},"rotation":{"x":-0.03522924706339836,"y":-0.2532167136669159,"z":0.009145987220108509,"w":-0.9667898416519165},"size":0.5468511581420898,"orthographic":false}