{"cameraMode":{"drawMode":0,"name":"Shaded","section":"Shading Mode"},"sceneLighting":true,"audioPlay":false,"sceneViewState":{"m_AlwaysRefresh":false,"showFog":true,"showSkybox":true,"showFlares":true,"showImageEffects":true,"showParticleSystems":true,"showVisualEffectGraphs":true,"m_FxEnabled":true},"in2DMode":false,"pivot":{"x":-115.52723693847656,"y":-7.541253089904785,"z":68.77168273925781},"rotation":{"x":-0.015667911618947984,"y":0.9806281924247742,"z":-0.1742023080587387,"w":-0.08819803595542908},"size":22.585935592651368,"orthographic":false}